gene	logFC	AveExpr	t	P.Value	adj.P.Val	de	seq.x	b.status.final	gene_len	seq.y	blast	diamond	pfam_acc	pfam_descr	ipr_acc	ipr_descr	GO	anno
g13953	6.81908970493695	-3.69146331361429	12.9451263574068	4.44355003236424e-13	1.89948751831715e-09	BM up	scaffold_2040	B	1483	scaffold_2040	EP300_HUMAN	A0A3B3RK67	PF08214	Histone acetylation protein	IPR013178	Histone acetyltransferase Rtt109/CBP	GO:0004402;GO:0006355;GO:0016573	Y
g18439	5.92971143309019	-1.70743816964732	5.80322074927587	2.20158874210562e-06	0.000407934204344533	BM up	scaffold_1579	Bc	577	scaffold_1579	CSN4_DANRE	A0A2J7R0G0	PF18420;PF01399	CSN4/RPN5/eIF3a helix turn helix domain; PCI domain	IPR041406;IPR000717	COP9 signalosome complex subunit 4, helix turn helix domain; Proteasome component (PCI) domain	NA	Y
g5582	4.50572286804156	-2.5211708929538	4.54383126569617	5.87099423795909e-05	0.00267918727828053	BM up	scaffold_897	Bc	663	scaffold_897	FAS_ANSAN	A0A158NZW8	PF00109	Beta-ketoacyl synthase, N-terminal domain	IPR014030	Beta-ketoacyl synthase, N-terminal	NA	Y
g1208	4.06634113010002	-2.87201699259281	4.53560173462458	5.93872366997841e-05	0.00269570306085	BM up	scaffold_2293	Bc	283	scaffold_2293	FAS_CHICK	A0A2J7PFW7	NA	NA	NA	NA	NA	Y
g22528	3.00499567548393	-4.8735543135658	5.20437674538028	1.00651586271814e-05	0.000712298247947978	BM up	scaffold_551	Bc	686	scaffold_551	NA	NA	PF18701;PF05585	Family of unknown function (DUF5641); Putative peptidase (DUF1758)	IPR040676;IPR008737	Domain of unknown function DUF5641; Peptidase aspartic, putative	NA	Y
g12541	2.81423870001364	-4.33634170610383	4.46132557044363	7.09859987284941e-05	0.00312788549519262	BM up	scaffold_2066	Bc	1166	scaffold_2066	RDX_DROME	A0A484BP37	PF00651	BTB/POZ domain	IPR000210	BTB/POZ domain	GO:0005515	Y
